{"name":"be33600f-5ca6-4a61-92f5-769df03be207","id":"/providers/Microsoft.Flow/flows/be33600f-5ca6-4a61-92f5-769df03be207","type":"Microsoft.Flow/flows","properties":{"apiId":"/providers/Microsoft.PowerApps/apis/shared_logicflows","displayName":"getDataContract","definition":{"metadata":{"workflowEntityId":null,"processAdvisorMetadata":null,"flowChargedByPaygo":null,"flowclientsuspensionreason":"None","flowclientsuspensiontime":null,"flowclientsuspensionreasondetails":null,"creator":{"id":"40ad053f-ecfb-4cf5-8db2-5a7ca8dff330","type":"User","tenantId":"b01f69fa-6aeb-484a-a6b3-cd9f723bf575"},"provisioningMethod":"FromDefinition","failureAlertSubscription":true,"clientLastModifiedTime":"2024-01-19T23:54:57.3810906Z","connectionKeySavedTimeKey":"2024-01-19T23:54:57.3810906Z"},"$schema":"https://schema.management.azure.com/providers/Microsoft.Logic/schemas/2016-06-01/workflowdefinition.json#","contentVersion":"1.0.0.0","parameters":{"$authentication":{"defaultValue":{},"type":"SecureObject"}},"triggers":{"manual":{"metadata":{"operationMetadataId":"d014c680-de83-4c04-b08a-662a5b396655"},"type":"Request","kind":"PowerApp","inputs":{"schema":{"type":"object","properties":{},"required":[]}}}},"actions":{"HTTP":{"runAfter":{},"metadata":{"operationMetadataId":"333a5ea3-bc06-4423-8e72-2d4159bf398b"},"type":"Http","inputs":{"method":"POST","uri":"https://dscdemo-dev-eu2-logic-01.azurewebsites.net:443/api/getDataContract/triggers/When_a_HTTP_request_is_received/invoke?api-version=2022-05-01&sp=%2Ftriggers%2FWhen_a_HTTP_request_is_received%2Frun&sv=1.0&sig=3Y3HGbF5zppSsRMDYi7in8w9R3dPMmyEpkx3_v2NZB0"}},"Response":{"runAfter":{"HTTP":["Succeeded"]},"metadata":{"operationMetadataId":"9edcd3e7-77a9-4228-af4d-e8f529a800b7"},"type":"Response","kind":"Http","inputs":{"statusCode":200,"body":"@body('HTTP')","schema":{"type":"array","items":{"type":"object","properties":{"ID":{"type":"integer"},"ContractID":{"type":"string"},"SubjectArea":{"type":"string"},"SourceSystem":{"type":"string"},"PublisherName":{"type":"string"},"DataSourceNameSystem":{"type":"string"},"DataSourceNameFriendly":{"type":"string"},"Description":{"type":"string"},"BusinessContact":{"type":"string"},"EngineeringContact":{"type":"string"},"DataOwner":{"type":"string"},"SME":{"type":"string"},"Restrictions":{"type":"string"},"Metadata":{"type":"string"},"DataClassificationLevel":{"type":"string"},"CreatedBy":{"type":"string"},"DataSchema":{"type":"string"},"CreatedOnDate":{"type":"string"},"Active":{"type":"boolean"},"Pattern":{"type":"string"},"DataAssetTechnicalInformation":{"type":"string"},"hsActive":{"type":"boolean"}},"required":["ID","ContractID","SubjectArea","SourceSystem","PublisherName","DataSourceNameSystem","DataSourceNameFriendly","Description","BusinessContact","EngineeringContact","DataOwner","SME","Restrictions","Metadata","DataClassificationLevel","CreatedBy","DataSchema","CreatedOnDate","Active","Pattern","DataAssetTechnicalInformation","hsActive"]}}}}}},"connectionReferences":{},"flowFailureAlertSubscribed":false,"isManaged":false}}